Sample_ID,SNP1,SNP2,SNP3,SNP4,SNP5,SNP6,SNP7,SNP8,SNP9,SNP10,SNP11,SNP12,SNP13,SNP14,SNP15,SNP16,SNP17,SNP18,SNP19,SNP20,SNP21,SNP22,SNP23,SNP24,SNP25,SNP26,SNP27,SNP28,SNP29,SNP30,SNP31,SNP32,SNP33,SNP34,SNP35,SNP36,SNP37,SNP38,SNP39,SNP40,SNP41,SNP42,SNP43,SNP44,SNP45,SNP46,SNP47,SNP48,SNP49,SNP50,Disease_Status
S1,AA,AG,TT,CC,GG,AA,AG,AG,GG,CT,AA,AG,GG,AG,AA,AT,AG,AA,GG,AG,AA,AG,GG,AG,AA,AG,GG,AG,AA,AG,GG,AG,AA,AG,GG,AG,AA,AG,GG,AG,AA,AG,GG,AG,AA,AG,GG,AG,AA,AG,GG,AG,AA,Yes
S2,AT,AG,TC,CT,AG,AT,AG,AG,AG,TC,AT,AG,AG,AG,AT,AG,AG,AG,AG,AG,AT,AG,AG,AG,AT,AG,AG,AG,AT,AG,AG,AG,AT,AG,AG,AG,AT,AG,AG,AG,AT,AG,AG,AG,AT,AG,AG,AG,AT,AG,AG,AG,AT,No
S3,AG,GG,CT,TT,GG,GG,AG,AG,GG,CT,AG,AG,GG,AG,GG,AG,AG,AG,GG,AG,AG,AG,GG,AG,AG,AG,GG,AG,AG,AG,GG,AG,AG,AG,GG,AG,AG,AG,GG,AG,AG,AG,GG,AG,AG,AG,GG,AG,AG,AG,GG,AG,Yes
S4,GG,GG,AA,TT,AG,AT,AG,AG,AG,AA,AG,AG,AG,AG,AG,AG,AG,AG,AG,AG,AG,AG,AG,AG,AG,AG,AG,AG,AG,AG,AG,AG,AG,AG,AG,AG,AG,AG,AG,AG,AG,AG,AG,AG,AG,AG,AG,AG,AG,AG,AG,AG,No
S5,AA,AG,AG,CC,AA,AA,AG,AG,AG,AG,AA,AG,AG,AG,AA,AG,AG,AG,AG,AG,AA,AG,AG,AG,AA,AG,AG,AG,AA,AG,AG,AG,AA,AG,AG,AG,AA,AG,AG,AG,AA,AG,AG,AG,AA,AG,AG,AG,AA,AG,AG,AG,Yes
S6,AT,AG,TT,CA,GG,GG,AG,AG,AG,TT,AG,AG,GG,AG,GG,AG,AG,AG,GG,AG,AG,AG,GG,AG,AG,AG,GG,AG,AG,AG,GG,AG,AG,AG,GG,AG,AG,AG,GG,AG,AG,AG,GG,AG,AG,AG,GG,AG,AG,AG,GG,AG,No
S7,AG,GG,TT,CT,AA,AG,AG,AG,GG,TT,AG,AG,GG,AG,AG,AG,AG,AG,GG,AG,AG,AG,GG,AG,AG,AG,GG,AG,AG,AG,GG,AG,AG,AG,GG,AG,AG,AG,GG,AG,AG,AG,GG,AG,AG,AG,GG,AG,AG,AG,GG,AG,Yes
S8,GG,AG,TT,TT,AG,GG,AG,AG,AG,TT,AG,AG,GG,AG,AG,AG,AG,AG,GG,AG,AG,AG,GG,AG,AG,AG,GG,AG,AG,AG,GG,AG,AG,AG,GG,AG,AG,AG,GG,AG,AG,AG,GG,AG,AG,AG,GG,AG,AG,AG,GG,AG,No
S9,GG,GG,AA,TT,AA,AT,AG,AG,AG,AA,AG,AG,AG,AG,AG,AG,AG,AG,AG,AG,AG,AG,AG,AG,AG,AG,AG,AG,AG,AG,AG,AG,AG,AG,AG,AG,AG,AG,AG,AG,AG,AG,AG,AG,AG,AG,AG,AG,AG,AG,AG,AG,Yes
S10,AG,AG,TC,CT,CT,AG,AG,AG,AG,TC,AG,AG,AG,AG,AG,AG,AG,AG,AG,AG,AG,AG,AG,AG,AG,AG,AG,AG,AG,AG,AG,AG,AG,AG,AG,AG,AG,AG,AG,AG,AG,AG,AG,AG,AG,AG,AG,AG,AG,AG,AG,AG,No
